Order ID,Product ID,Quantity,Price
112,60,9,399.99
113,25,4,149.99
120,185,10,999.99
14,191,4,149.99
164,165,4,199.99
104,61,6,599.99
104,172,7,29.99
130,153,3,999.99
14,76,9,149.99
183,100,8,599.99
108,190,3,599.99
4,5,6,29.99
116,177,8,399.99
129,64,5,149.99
95,126,9,49.99
184,98,10,199.99
38,200,8,999.99
159,56,8,29.99
20,75,1,599.99
129,71,9,999.99
53,58,5,599.99
83,33,9,999.99
56,122,10,399.99
153,65,1,799.99
20,46,5,999.99
134,117,3,199.99
150,18,10,999.99
91,30,9,199.99
4,54,4,999.99
157,176,7,399.99
29,105,1,599.99
170,145,7,799.99
170,1,3,49.99
86,58,3,599.99
138,68,10,799.99
176,78,1,399.99
124,146,2,149.99
158,148,4,799.99
200,195,8,199.99
156,148,2,999.99
147,82,7,149.99
16,198,10,399.99
183,141,10,29.99
131,81,2,799.99
191,78,9,599.99
138,17,9,49.99
75,179,3,599.99
4,138,6,799.99
45,6,10,599.99
33,18,2,599.99
13,108,6,799.99
73,183,3,799.99
157,98,4,149.99
73,59,5,399.99
129,121,7,799.99
159,12,10,299.99
85,66,4,799.99
69,138,7,799.99
80,109,4,199.99
197,164,10,149.99
106,138,10,999.99
122,72,5,299.99
24,49,4,29.99
107,187,4,29.99
53,136,2,199.99
46,137,8,149.99
85,146,1,299.99
2,106,8,599.99
29,37,9,999.99
72,145,5,149.99
80,151,5,199.99
114,6,8,599.99
121,16,2,399.99
128,89,1,199.99
28,126,8,399.99
67,14,4,49.99
83,131,2,49.99
177,186,9,799.99
59,19,1,199.99
161,103,1,49.99
13,196,2,199.99
123,57,7,299.99
123,26,5,599.99
56,92,5,999.99
58,88,8,799.99
61,79,5,399.99
50,188,4,29.99
11,122,8,149.99
137,165,4,149.99
199,108,1,399.99
53,164,1,149.99
82,70,4,299.99
5,114,9,999.99
1,56,6,199.99
18,27,5,299.99
31,72,3,199.99
63,5,4,29.99
129,50,4,299.99
10,66,6,599.99
32,7,3,199.99
18,190,4,49.99
124,134,3,299.99
56,110,9,29.99
20,181,9,29.99
70,76,7,299.99
119,19,10,299.99
141,9,1,49.99
162,181,6,199.99
196,47,7,799.99
65,158,1,199.99
113,149,8,599.99
14,16,8,799.99
70,146,2,999.99
76,83,10,29.99
87,87,5,199.99
132,51,5,399.99
197,198,9,29.99
169,87,8,599.99
185,176,10,149.99
83,120,1,399.99
11,97,6,199.99
199,116,8,199.99
104,47,2,29.99
44,106,7,299.99
181,35,4,29.99
17,136,3,149.99
69,43,7,299.99
77,81,1,399.99
159,33,5,299.99
45,173,6,399.99
129,105,4,29.99
135,146,9,399.99
105,134,7,599.99
124,143,2,299.99
174,39,2,29.99
157,110,5,799.99
31,154,10,29.99
60,131,4,199.99
95,191,9,599.99
196,178,8,399.99
159,51,4,149.99
170,41,2,399.99
39,15,8,149.99
131,130,8,199.99
173,74,3,599.99
57,141,7,599.99
47,119,2,399.99
54,125,2,199.99
135,192,8,29.99
134,176,8,199.99
34,132,3,49.99
52,122,1,49.99
156,157,7,199.99
195,158,4,199.99
136,101,10,149.99
57,114,5,199.99
116,69,7,999.99
142,78,7,599.99
29,28,10,49.99
52,86,6,299.99
191,5,6,799.99
49,38,4,199.99
96,163,1,299.99
71,177,6,199.99
167,167,6,149.99
111,127,4,599.99
98,57,1,149.99
86,128,6,29.99
4,19,1,29.99
56,128,7,799.99
85,77,9,199.99
85,1,5,29.99
35,123,4,29.99
52,190,10,49.99
108,63,6,799.99
57,133,9,199.99
192,125,3,299.99
94,4,6,199.99
19,200,5,999.99
21,71,1,799.99
112,74,7,799.99
188,101,4,299.99
181,145,7,49.99
92,23,3,199.99
191,154,3,199.99
171,92,9,199.99
72,161,9,399.99
68,140,2,49.99
63,20,1,49.99
117,53,9,799.99
20,185,9,49.99
35,59,8,199.99
127,188,2,199.99
143,164,10,199.99
38,151,4,399.99
69,61,9,999.99
76,96,3,599.99
54,76,6,29.99
67,104,9,999.99
83,51,4,29.99
